                  epoch,         train/box_loss,         train/cls_loss,         train/dfl_loss,   metrics/precision(B),      metrics/recall(B),       metrics/mAP50(B),    metrics/mAP50-95(B),           val/box_loss,           val/cls_loss,           val/dfl_loss,                 lr/pg0,                 lr/pg1,                 lr/pg2
                      0,                 1.1238,                  1.197,                 1.1586,                0.76102,                0.60278,                0.69297,                0.44812,                 1.1905,                 1.0668,                 1.1775,               0.070075,               0.003325,               0.003325
                      1,                 1.1963,                 1.0789,                 1.2022,                0.72393,                0.57932,                0.65594,                0.40735,                 1.2669,                  1.179,                 1.2302,               0.038757,                0.00534,                0.00534
                      2,                 1.2478,                 1.1252,                 1.2367,                0.66245,                0.47707,                0.54202,                0.32275,                 1.4165,                 1.4184,                 1.3708,              0.0061183,               0.006035,               0.006035
                      3,                 1.2677,                 1.1427,                 1.2518,                0.72928,                0.57061,                0.65553,                0.40671,                  1.269,                 1.1355,                 1.2387,                0.00406,                0.00406,                0.00406
                      4,                  1.258,                 1.1174,                 1.2441,                0.71248,                0.56274,                0.64505,                0.40364,                 1.2862,                 1.1078,                 1.2495,                0.00406,                0.00406,                0.00406
